article;weighted_regulatory_operators;unweighted_regulatory_operators;operators_total;fres;sentences;words;syllables;words_per_sentence;syllables_per_word;number_internal_references;complexity_with_references;clump_size
CRD_1;3;1;18;-44,5632926829268;1;82;163;82,0;1,9878048780487805;0;3;1
CRD_2;20;11;110;10,217856529209683;12;485;892;40,416666666666664;1,8391752577319587;4;2,5847541394951203e+17;1
CRD_3;44;8;249;-213,147003548616;5;1409;2231;281,8;1,5833924769339958;6;7,832588301500363e+16;343
CRD_4;34;23;122;30,917522206018845;19;397;726;20,894736842105264;1,8287153652392947;0;34;1
CRD_5;2;1;16;-9,310000000000002;1;40;83;40,0;2,075;0;2;1
CRD_6;28;9;65;-68,43603448275859;2;232;432;116,0;1,8620689655172413;1;65,4;1
CRD_7;4;2;13;3,380000000000024;2;80;154;40,0;1,925;0;4;1
CRD_8;16;11;73;34,43575098814233;11;230;411;20,90909090909091;1,7869565217391303;5;2,58475413949512e+17;1
CRD_9;5;3;40;25,109762396694236;4;121;216;30,25;1,7851239669421488;0;5;1
CRD_10;4;2;12;-9,840263157894697;1;38;80;38,0;2,1052631578947367;0;4;1
CRD_11;3;2;10;29,180000000000007;1;25;45;25,0;1,8;0;3;1
CRD_12;10;8;43;45,047159833630445;9;187;311;20,77777777777778;1,6631016042780749;2;7,832588301500363e+16;343
CRD_13;7;5;38;41,317430656934334;5;137;223;27,4;1,6277372262773722;1;7,832588301500363e+16;343
CRD_14;33;19;133;16,669529025191707;11;415;745;37,72727272727273;1,7951807228915662;3;7,832588301500363e+16;343
CRD_15;7;4;29;8,667500000000018;2;80;149;40,0;1,8625;0;7;1
CRD_16;29;15;91;4,125;7;270;522;38,57142857142857;1,9333333333333333;0;29;1
CRD_17;11;7;32;28,948750000000018;2;64;110;32,0;1,71875;13;1,1889869041677553e+18;1
CRD_18;8;2;67;-118,05558659217871;1;179;303;179,0;1,6927374301675977;3;7,832588301500363e+16;343
CRD_19;2;1;17;16,553598901098923;2;91;155;45,5;1,7032967032967032;0;2;1
CRD_20;11;8;72;36,13834563758391;10;149;274;14,9;1,8389261744966443;5;6,289568406104792e+17;1
CRD_21;9;7;40;46,89158602150539;6;155;245;25,833333333333332;1,5806451612903225;19;2,2814763204610268e+18;1
CRD_22;57;40;265;35,024720670391076;29;716;1242;24,689655172413794;1,73463687150838;2;7,832588301500363e+16;343
CRD_23;32;18;168;13,152099737532836;12;508;905;42,333333333333336;1,781496062992126;2;7,832588301500363e+16;343
CRD_24;18;9;83;-2,376811594202877;6;230;463;38,333333333333336;2,0130434782608697;0;18;1
CRD_25;10;6;51;24,01180048661803;3;137;221;45,666666666666664;1,6131386861313868;0;10;1
CRD_26;22;13;91;16,218484848484877;7;297;518;42,42857142857143;1,7441077441077442;10;7,832588301500363e+16;343
CRD_27;4;2;43;12,582916666666705;3;160;265;53,333333333333336;1,65625;4;2,58475413949512e+17;1
CRD_28;2;2;12;72,85019067796611;4;59;83;14,75;1,4067796610169492;2;7,832588301500363e+16;343
CRD_29;13;9;70;33,905993150684964;8;292;469;36,5;1,606164383561644;4;7,832588301500363e+16;343
CRD_30;6;4;13;32,75769230769234;1;39;62;39,0;1,5897435897435896;0;6;1
CRD_31;9;5;72;12,591666666666669;5;270;445;54,0;1,6481481481481481;1;7,832588301500363e+16;343
CRD_32;16;15;154;55,420803212851425;15;415;605;27,666666666666668;1,4578313253012047;3;1,72316942633008e+17;1
CRD_33;11;5;32;-14,801999999999964;1;75;129;75,0;1,72;10;7,832588301500363e+16;343
CRD_34;37;19;126;1,8938043478261193;8;460;797;57,5;1,732608695652174;11;7,832588301500363e+16;343
CRD_35;30;21;137;34,17590894413951;19;489;847;25,736842105263158;1,7321063394683027;2;7,832588301500363e+16;343
CRD_36;18;14;113;44,25079376328844;17;415;676;24,41176470588235;1,6289156626506025;4;7,832588301500363e+16;343
CRD_37;1;1;12;40,784285714285716;1;35;54;35,0;1,542857142857143;2;1,72316942633008e+17;1
CRD_38;1;1;8;46,06863636363636;2;44;72;22,0;1,6363636363636365;0;1;1
CRD_39;12;9;76;43,055135285913536;15;239;417;15,933333333333334;1,7447698744769875;0;12;1
CRD_40;17;10;54;16,38569672131149;4;122;230;30,5;1,8852459016393444;2;7,832588301500363e+16;343
CRD_41;11;7;74;22,179577922077954;8;308;530;38,5;1,7207792207792207;1;41,800000000000004;1
CRD_42;12;6;21;1,9797826086956718;1;46;86;46,0;1,8695652173913044;2;118,45800000000003;1
CRD_43;9;6;95;32,29480392156864;15;340;609;22,666666666666668;1,7911764705882354;1;54,98000000000001;1
CRD_44;7;4;22;16,085405405405425;2;74;134;37,0;1,8108108108108107;2;7,832588301500363e+16;343
CRD_45;6;3;19;6,703636363636377;2;66;130;33,0;1,9696969696969697;0;6;1
CRD_46;3;2;14;28,335000000000036;2;60;105;30,0;1,75;0;3;1
CRD_47;6;4;33;33,79694063926945;6;146;256;24,333333333333332;1,7534246575342465;0;6;1
CRD_48;7;4;73;8,05059523809524;9;336;639;37,333333333333336;1,9017857142857142;0;7;1
CRD_49;10;7;35;38,50986760124613;6;107;190;17,833333333333332;1,7757009345794392;2;1,72316942633008e+17;1
CRD_50;28;18;200;26,09314743202421;25;662;1204;26,48;1,8187311178247734;0;28;1
CRD_51;61;40;288;28,86097663551402;30;963;1655;32,1;1,7185877466251298;14;7,832588301500363e+16;343
CRD_52;15;10;86;32,9187721238938;12;339;582;28,25;1,7168141592920354;3;7,832588301500363e+16;343
CRD_53;17;11;89;27,840443659206926;9;283;492;31,444444444444443;1,7385159010600706;1;7,832588301500363e+16;343
CRD_54;5;2;36;-26,6640625;2;128;255;64,0;1,9921875;2;7,832588301500363e+16;343
CRD_54a;1;1;6;50,470769230769264;2;26;44;13,0;1,6923076923076923;2;1,72316942633008e+17;1
CRD_55;6;3;62;5,9797619047619435;3;140;254;46,666666666666664;1,8142857142857143;3;5,6993828775867405e+17;2
CRD_56;10;4;70;-35,02642857142854;3;210;424;70,0;2,019047619047619;3;2,58475413949512e+17;1
CRD_57;15;9;159;19,992948439846515;13;461;822;35,46153846153846;1,7830802603036877;4;5,6993828775867405e+17;2
CRD_58;26;14;117;7,278056356067907;9;347;658;38,55555555555556;1,8962536023054755;4;7,832588301500363e+16;343
CRD_59;19;10;104;3,707003205128217;8;351;658;43,875;1,8746438746438747;3;7,832588301500363e+16;343
CRD_60;7;3;28;-17,785882352941158;1;85;139;85,0;1,6352941176470588;4;5,4279836929397523e+17;1
CRD_61;13;8;51;25,557127516778536;5;149;266;29,8;1,7852348993288591;3;7,992490591675494e+17;1
CRD_62;1;1;17;31,759336734693903;2;49;87;24,5;1,7755102040816326;0;1;1
CRD_63;24;13;121;9,964322033898327;7;354;609;50,57142857142857;1,7203389830508475;0;24;1
CRD_64;11;6;44;14,235000000000014;4;120;230;30,0;1,9166666666666667;4;7,832588301500363e+16;343
CRD_65;56;27;168;-3,992322580645151;10;558;1017;55,8;1,8225806451612903;1;7,832588301500363e+16;343
CRD_66;29;10;154;-51,747433526011534;5;519;940;103,8;1,811175337186898;4;7,832588301500363e+16;343
CRD_67;73;19;231;-110,22428571428568;5;840;1455;168,0;1,7321428571428572;21;7,832588301500363e+16;343
CRD_68;26;16;114;20,836567796610183;12;354;653;29,5;1,844632768361582;0;26;1
CRD_69;25;16;92;28,003023415977964;12;242;453;20,166666666666668;1,871900826446281;9;7,832588301500363e+16;343
CRD_70;35;8;85;-143,82790575916226;1;191;354;191,0;1,8534031413612566;0;35;1
CRD_71;17;10;83;20,489772727272737;8;220;412;27,5;1,8727272727272728;0;17;1
CRD_72;10;6;25;21,22137681159424;3;92;168;30,666666666666668;1,826086956521739;0;10;1
CRD_73;5;3;27;16,154810996563583;3;97;181;32,333333333333336;1,865979381443299;0;5;1
CRD_74;9;6;47;25,656056034482788;8;145;279;18,125;1,9241379310344828;20;7,832588301500363e+16;343
CRD_75;21;14;85;29,64527472527476;13;273;503;21,0;1,8424908424908424;5;3,44633885266016e+17;1
CRD_76;82;51;251;23,94574257425745;28;808;1467;28,857142857142858;1,8155940594059405;0;82;1
CRD_77;18;11;105;22,673844383057116;12;362;657;30,166666666666668;1,8149171270718232;0;18;1
CRD_78;52;33;227;24,77540149393093;27;714;1310;26,444444444444443;1,834733893557423;0;52;1
CRD_79;28;11;74;-32,903965517241346;3;174;372;58,0;2,1379310344827585;0;28;1
CRD_80;6;3;11;4,652972972972975;1;37;72;37,0;1,945945945945946;0;6;1
CRD_81;9;3;27;-50,40831168831167;1;77;163;77,0;2,116883116883117;0;9;1
CRD_82;16;8;38;-1,395730198019777;4;101;218;25,25;2,1584158415841586;0;16;1
CRD_83;17;12;74;34,80848659003834;9;232;400;25,77777777777778;1,7241379310344827;1;26,9;1
CRD_84;6;3;13;-9,065945945945913;1;37;78;37,0;2,108108108108108;0;6;1
CRD_85;14;8;29;11,612506024096405;5;83;175;16,6;2,108433734939759;0;14;1
CRD_86;104;58;298;11,985761909769735;37;771;1583;20,83783783783784;2,053177691309987;0;104;1
CRD_87;14;9;47;28,713333333333367;7;135;253;19,285714285714285;1,874074074074074;1;7,832588301500363e+16;343
CRD_88;59;28;203;-5,6506249999999625;12;576;1115;48,0;1,9357638888888888;1;72,2;1
CRD_89;25;16;107;27,37500000000003;14;336;616;24,0;1,8333333333333333;1;7,832588301500363e+16;343
CRD_90;3;2;11;20,542647058823547;1;34;61;34,0;1,7941176470588236;0;3;1
CRD_91;33;23;194;32,695017825311965;33;646;1178;19,575757575757574;1,8235294117647058;2;7,832588301500363e+16;343
CRD_92;47;15;147;-68,27799295774645;4;426;841;106,5;1,9741784037558685;3;7,832588301500363e+16;343
CRD_93;34;10;46;-81,72815126050416;1;119;236;119,0;1,9831932773109244;1;7,832588301500363e+16;343
CRD_94;141;63;609;-14,190763813651103;26;1704;3112;65,53846153846153;1,8262910798122065;3;7,832588301500363e+16;343
CRD_95;16;9;63;12,516011125654472;8;191;384;23,875;2,0104712041884816;0;16;1
CRD_96;4;3;14;30,289932432432437;2;37;69;18,5;1,864864864864865;8;4,3079235658252006e+17;1
CRD_97;25;16;86;25,182328385899837;11;294;537;26,727272727272727;1,8265306122448979;2;7,832588301500363e+16;343
CRD_98;41;23;205;11,74421900826448;20;726;1358;36,3;1,8705234159779613;5;7,832588301500363e+16;343
CRD_99;23;13;111;13,31147368421054;10;342;642;34,2;1,8771929824561404;7;7,832588301500363e+16;343
CRD_100;6;4;28;25,684496268656744;4;67;130;16,75;1,9402985074626866;1;7,832588301500363e+16;343
CRD_101;47;28;163;18,861329021235065;17;482;907;28,352941176470587;1,8817427385892116;1;7,832588301500363e+16;343
CRD_102;8;6;27;37,18250000000003;4;94;162;23,5;1,7234042553191489;1;7,832588301500363e+16;343
CRD_103;19;12;70;23,224048913043504;8;207;385;25,875;1,8599033816425121;5;7,832588301500363e+16;343
CRD_104;121;43;207;-49,13776315789471;6;627;1111;104,5;1,7719298245614035;12;7,832588301500363e+16;343
CRD_105;23;8;45;-53,127045454545424;2;176;355;88,0;2,0170454545454546;3;7,832588301500363e+16;343
CRD_106;8;5;38;24,71552570093459;4;107;196;26,75;1,8317757009345794;3;7,832588301500363e+16;343
CRD_107;11;7;86;28,615235849056603;10;265;474;26,5;1,788679245283019;19;6,892677705320323e+17;1
CRD_108;36;22;116;20,928835227272742;11;384;683;34,90909090909091;1,7786458333333333;5;6,63420229137081e+17;1
CRD_109;28;15;80;9,300000000000011;8;240;474;30,0;1,975;1;7,832588301500363e+16;343
CRD_110;9;6;39;27,84140157480317;5;127;230;25,4;1,811023622047244;2;7,495787004535849e+17;1
CRD_111;26;15;143;14,593421052631612;14;456;858;32,57142857142857;1,881578947368421;0;26;1
CRD_112;13;6;98;-6,063260869565227;7;276;564;39,42857142857143;2,0434782608695654;1;7,832588301500363e+16;343
CRD_113;81;49;349;20,333136363636385;30;1056;1882;35,2;1,7821969696969697;5;7,832588301500363e+16;343
CRD_114;19;11;90;17,082739726027427;7;219;409;31,285714285714285;1,8675799086757991;4;7,832588301500363e+16;343
CRD_115;15;8;65;3,768636363636375;7;154;329;22,0;2,1363636363636362;0;15;1
CRD_116;75;43;340;15,406977928692726;31;893;1712;28,806451612903224;1,9171332586786114;9;7,832588301500363e+16;343
CRD_117;67;35;266;5,679788213628029;21;724;1422;34,476190476190474;1,9640883977900552;5;7,832588301500363e+16;343
CRD_118;11;6;49;8,303668032786902;4;183;329;45,75;1,7978142076502732;2;7,832588301500363e+16;343
CRD_119;5;3;51;17,46597560975613;7;164;321;23,428571428571427;1,9573170731707317;2;7,832588301500363e+16;343
CRD_120;5;3;66;28,566998132586377;9;238;426;26,444444444444443;1,7899159663865547;0;5;1
CRD_121;4;2;21;-14,106249999999989;1;64;118;64,0;1,84375;1;7,832588301500363e+16;343
CRD_122;9;5;53;9,726811594202928;6;184;361;30,666666666666668;1,9619565217391304;2;7,832588301500363e+16;343
CRD_123;13;7;50;7,587908163265325;6;147;303;24,5;2,061224489795918;1;8,615847131650402e+16;1
CRD_124;21;11;113;2,7722321428571775;8;315;611;39,375;1,9396825396825397;4;9,968535131319516e+17;1
CRD_125;17;9;81;7,433160211267619;8;213;434;26,625;2,0375586854460095;2;7,832588301500363e+16;343
CRD_126;7;3;17;-20,53076923076921;1;65;124;65,0;1,9076923076923078;0;7;1
CRD_127;38;21;147;12,499375000000043;16;470;914;29,375;1,9446808510638298;2;8,615847131650403e+16;1
CRD_128;67;20;76;-82,42846774193544;2;279;487;139,5;1,7455197132616487;7;7,832588301500363e+16;343
CRD_129;43;33;115;41,10670772238515;15;341;575;22,733333333333334;1,686217008797654;3;7,832588301500363e+16;343
CRD_130;51;36;124;34,485651515151545;15;352;618;23,466666666666665;1,7556818181818181;5;7,832588301500363e+16;343
CRD_131;124;79;575;25,571534487446797;59;1683;3030;28,52542372881356;1,8003565062388591;6;7,832588301500363e+16;343
CRD_132;13;7;47;10,671551020408202;5;147;289;29,4;1,965986394557823;1;8,615847131650402e+16;1
CRD_133;137;89;585;27,91885245901642;58;1952;3340;33,6551724137931;1,7110655737704918;8;7,832588301500363e+16;343
CRD_134;5;4;37;49,69706214689265;9;177;287;19,666666666666668;1,6214689265536724;1;8,6158471316504e+16;1
CRD_135;22;11;71;-1,7720077105575172;6;281;535;46,833333333333336;1,903914590747331;1;7,832588301500363e+16;343
CRD_136;51;33;241;27,535670189767018;23;724;1261;31,47826086956522;1,7417127071823204;3;7,832588301500363e+16;343
CRD_137;17;9;68;7,865000000000009;5;230;414;46,0;1,8;2;7,832588301500363e+16;343
CRD_138;7;2;35;-86,0976470588235;1;136;249;136,0;1,8308823529411764;0;7;1
CRD_139;32;19;132;19,008644067796638;14;472;857;33,714285714285715;1,8156779661016949;2;7,832588301500363e+16;343
CRD_140;101;54;292;7,384389867489801;19;989;1714;52,05263157894737;1,7330637007077856;6;7,832588301500363e+16;343
CRD_141;89;52;280;16,783627023661268;22;1095;1806;49,77272727272727;1,6493150684931508;2;7,832588301500363e+16;343
CRD_142;40;25;104;24,46794839857654;10;281;511;28,1;1,8185053380782918;2;1,7231694263300803e+17;1
CRD_143;19;12;72;25,686617647058853;10;255;468;25,5;1,8352941176470587;3;7,832588301500363e+16;343
CRD_144;25;11;85;-17,490956521739108;7;575;958;82,14285714285714;1,666086956521739;3;7,832588301500363e+16;343
CRD_145;25;4;73;-251,11382352941172;1;306;533;306,0;1,7418300653594772;23;7,832588301500363e+16;343
CRD_146;8;4;21;-6,477118644067787;1;59;107;59,0;1,8135593220338984;3;3,704814266609673e+17;1
CRD_147;4;4;14;54,970571428571446;5;56;93;11,2;1,6607142857142858;0;4;1
CRD_148;12;10;71;47,86935185185186;14;243;406;17,357142857142858;1,6707818930041152;1;7,832588301500363e+16;343
CRD_149;3;2;26;19,132903225806473;4;124;229;31,0;1,846774193548387;0;3;1
CRD_150;10;6;35;23,981865979381496;5;194;329;38,8;1,6958762886597938;2;2,843229553444634e+17;1
CRD_151;6;4;40;33,14640037593986;4;133;220;33,25;1,6541353383458646;8;5,3418252216232486e+17;1
CRD_152;11;6;21;5,3053658536585715;2;82;155;41,0;1,8902439024390243;1;22,0;1
CRD_153;18;12;81;28,79595454545455;10;275;488;27,5;1,7745454545454546;0;18;1
CRD_154;3;2;29;15,213699633699662;3;91;173;30,333333333333332;1,901098901098901;1;22,8;1
CRD_155;6;4;29;29,348366666666664;6;125;231;20,833333333333332;1,848;2;1,72316942633008e+17;1
CRD_156;10;5;32;1,9105072463768238;3;92;189;30,666666666666668;2,0543478260869565;0;10;1
CRD_157;12;5;40;-24,03263513513511;2;111;229;55,5;2,063063063063063;0;12;1
CRD_158;33;23;196;32,62335542009012;22;686;1156;31,181818181818183;1,685131195335277;9;7,926579361118369e+17;1
CRD_159;6;5;33;44,450633802816924;7;142;238;20,285714285714285;1,676056338028169;2;8,615847131650403e+16;1
CRD_160;35;23;152;29,792724014336926;18;496;874;27,555555555555557;1,7620967741935485;10;9,908224201397962e+17;1
CRD_161;46;30;200;28,70693993610223;25;626;1130;25,04;1,805111821086262;6;9,882376660003013e+17;1
CRD_162;21;18;100;48,701528796522695;18;409;653;22,72222222222222;1,5965770171149145;3;2,58475413949512e+17;1
CRD_163;5;4;17;48,284057377049194;2;61;92;30,5;1,5081967213114753;0;5;1
CRD_164;1;1;5;30,365000000000038;1;28;49;28,0;1,75;0;1;1
CRD_165;1;1;2;73,84500000000001;2;12;18;6,0;1,5;0;1;1
CRR_1;30;12;54;-28,50969999999998;2;125;254;62,5;2,032;1;7,832588301500363e+16;343
CRR_2;5;3;11;19,868965517241406;1;29;54;29,0;1,8620689655172413;0;5;1
CRR_3;9;5;13;15,195000000000022;1;36;66;36,0;1,8333333333333333;0;9;1
CRR_4;780;90;1512;-399,79795116327807;13;5872;10284;451,6923076923077;1,7513623978201636;10;7,832588301500363e+16;343
CRR_5;6;3;24;-3,390188679245256;2;106;196;53,0;1,849056603773585;0;6;1
CRR_6;27;19;71;35,01965853658538;10;246;427;24,6;1,7357723577235773;8;7,832588301500363e+16;343
CRR_7;24;11;105;-12,156793349168623;7;421;786;60,142857142857146;1,8669833729216152;2;7,832588301500363e+16;343
CRR_8;50;27;171;9,04493226600988;12;609;1053;50,75;1,729064039408867;3;9,04663948823294e+16;2
CRR_9;11;7;56;26,52790697674422;7;215;379;30,714285714285715;1,7627906976744185;3;7,832588301500363e+16;343
CRR_10;21;11;56;7,2166145833333815;6;256;473;42,666666666666664;1,84765625;0;21;1
CRR_11;51;30;165;18,41406572769955;15;568;1007;37,86666666666667;1,772887323943662;4;7,832588301500363e+16;343
CRR_12;5;2;23;-32,98328767123286;1;73;143;73,0;1,9589041095890412;0;5;1
CRR_13;26;17;86;29,642783676177856;11;274;492;24,90909090909091;1,7956204379562044;9;4,307923565825201e+17;1
CRR_14;29;17;84;16,666000000000025;7;225;419;32,142857142857146;1,8622222222222222;4;2,5847541394951213e+17;1
CRR_15;27;11;123;-25,749926578560917;6;454;836;75,66666666666667;1,841409691629956;7;6,03109299215528e+17;1
CRR_16;9;4;20;-20,061392405063245;1;79;137;79,0;1,7341772151898733;1;8,615847131650402e+16;1
CRR_17;17;11;62;27,146568047337297;7;169;310;24,142857142857142;1,834319526627219;1;6,634202291370808e+17;1
CRR_18;56;35;202;23,83362857142859;25;588;1106;23,52;1,880952380952381;1;84,6;1
CRR_19;4;2;69;-0,17000000000001592;6;282;531;47,0;1,8829787234042554;1;32,6;1
CRR_20;71;48;323;30,628123539409415;36;1046;1814;29,055555555555557;1,7342256214149139;12;7,832588301500363e+16;343
CRR_21;26;16;167;21,310003417301317;18;569;1032;31,61111111111111;1,8137082601054482;1;9,04663948823294e+16;2
CRR_22;5;2;22;-28,373421052631556;1;76;142;76,0;1,868421052631579;3;8,615847131650408e+16;1
CRR_23;11;5;15;-9,830526315789456;1;57;107;57,0;1,8771929824561404;1;8,615847131650402e+16;1
CRR_24;3;2;20;37,88397674418607;5;86;154;17,2;1,7906976744186047;0;3;1
CRR_25;0;0;3;49,78250000000003;2;47;74;23,5;1,574468085106383;0;0;1
CRR_26;31;20;176;27,222409909909942;18;555;973;30,833333333333332;1,7531531531531532;3;7,832588301500363e+16;343
CRR_27;15;8;80;5,891967213114782;7;305;565;43,57142857142857;1,8524590163934427;2;7,832588301500363e+16;343
CRR_28;85;39;345;-10,335010174418585;16;1075;1893;67,1875;1,7609302325581395;3;7,832588301500363e+16;343
CRR_29;47;28;126;20,276070175438605;15;475;867;31,666666666666668;1,825263157894737;1;7,832588301500363e+16;343
CRR_30;7;3;25;-15,012409638554189;1;83;135;83,0;1,6265060240963856;2;1,72316942633008e+17;1
CRR_31;6;3;57;2,4028571428571865;5;245;448;49,0;1,8285714285714285;2;7,832588301500363e+16;343
CRR_32;5;3;41;26,42961538461543;6;156;284;26,0;1,8205128205128205;0;5;1
CRR_33;7;5;63;36,26807478005867;10;341;548;34,1;1,6070381231671553;0;7;1
CRR_34;8;4;19;7,497173913043497;1;46;83;46,0;1,8043478260869565;1;116,9;1
CRR_35;7;5;20;32,67429104477614;2;67;111;33,5;1,6567164179104477;1;14,700000000000001;1
CRR_36;25;12;149;-3,9591346408693084;11;686;1196;62,36363636363637;1,7434402332361516;10;7,832588301500363e+16;343
CRR_37;10;4;30;-37,27868421052628;1;76;150;76,0;1,9736842105263157;0;10;1
CRR_38;15;9;82;22,07149350649351;11;280;526;25,454545454545453;1,8785714285714286;1;8,615847131650402e+16;1
CRR_39;14;7;91;3,8807781350482458;5;311;514;62,2;1,652733118971061;0;14;1
CRR_40;4;2;21;-6,139873417721489;1;79;124;79,0;1,5696202531645569;1;8,6158471316504e+16;1
CRR_41;12;8;66;29,641226415094366;7;212;367;30,285714285714285;1,7311320754716981;1;8,615847131650402e+16;1
CRR_42;20;4;53;-178,19493775933609;1;241;400;241,0;1,6597510373443984;1;8,615847131650402e+16;1
CRR_43;3;1;29;-72,61803149606297;1;127;226;127,0;1,779527559055118;0;3;1
CRR_44;8;3;27;-39,330999999999975;1;100;171;100,0;1,71;1;7,832588301500363e+16;343
CRR_45;18;5;41;-100,87075471698111;1;159;275;159,0;1,729559748427673;1;7,832588301500363e+16;343
CRR_46;32;19;132;17,395790062310283;11;569;921;51,72727272727273;1,6186291739894552;7;2,584754139495122e+17;1
CRR_47;7;4;29;22,01370481927711;2;83;140;41,5;1,6867469879518073;4;7,832588301500363e+16;343
CRR_48;35;21;127;20,376608055009825;10;509;811;50,9;1,5933202357563852;5;7,832588301500363e+16;343
CRR_49;57;29;286;1,4912676056338228;21;1065;1937;50,714285714285715;1,8187793427230048;3;2,5847541394951206e+17;1
CRR_50;8;6;18;35,72184782608696;2;69;111;34,5;1,608695652173913;8;4,566398979774714e+17;1
CRR_51;3;2;12;43,53995762711867;2;59;93;29,5;1,576271186440678;1;7,832588301500363e+16;343
CRR_52;86;27;235;-70,52444319460065;7;889;1560;127,0;1,7547806524184477;3;7,832588301500363e+16;343
CRR_53;12;5;44;-18,617561349693233;2;163;275;81,5;1,687116564417178;1;8,615847131650402e+16;1
CRR_54;48;31;121;26,72888257575758;16;594;1000;37,125;1,6835016835016836;2;1,7231694263300806e+17;1
CRR_55;5;3;22;26,45279069767443;2;86;139;43,0;1,6162790697674418;1;8,6158471316504e+16;1
CRR_56;27;5;56;-201,0235714285714;1;252;453;252,0;1,7976190476190477;2;7,832588301500363e+16;343
CRR_57;19;4;53;-172,03653846153844;1;234;391;234,0;1,670940170940171;1;7,832588301500363e+16;343
CRR_58;12;5;26;-29,886516853932548;1;89;154;89,0;1,7303370786516854;1;8,615847131650402e+16;1
CRR_59;12;5;41;-18,758076923076885;2;156;270;78,0;1,7307692307692308;1;8,615847131650402e+16;1
CRR_60;31;19;126;22,800712121212115;12;550;894;45,833333333333336;1,6254545454545455;5;7,832588301500363e+16;343
CRR_61;1;1;10;47,792;2;50;79;25,0;1,58;2;8,615847131650402e+16;1
CRR_62;4;2;33;-7,408443396226403;2;159;251;79,5;1,578616352201258;5;7,832588301500363e+16;343
CRR_63;156;13;241;-601,5627906976744;1;645;1172;645,0;1,8170542635658915;2;7,832588301500363e+16;343
CRR_64;3;1;16;-41,84205882352937;1;102;175;102,0;1,7156862745098038;0;3;1
CRR_65;4;3;20;41,45000000000002;2;80;118;40,0;1,475;1;8,6158471316504e+16;1
CRR_66;12;3;39;-114,54656626506022;1;166;300;166,0;1,8072289156626506;1;7,832588301500363e+16;343
CRR_67;18;4;53;-152,9732876712328;1;219;356;219,0;1,6255707762557077;1;8,615847131650402e+16;1
CRR_68;12;5;27;-26,274999999999977;1;94;153;94,0;1,627659574468085;1;8,615847131650402e+16;1
CRR_69;18;5;41;-93,58961538461534;1;156;262;156,0;1,6794871794871795;1;8,615847131650402e+16;1
CRR_70;30;19;132;25,85749619134677;12;547;871;45,583333333333336;1,5923217550274222;8;7,832588301500363e+16;343
CRR_71;1;1;9;61,75000000000003;2;40;59;20,0;1,475;2;7,832588301500363e+16;343
CRR_72;2;2;5;74,78928571428573;2;28;39;14,0;1,3928571428571428;0;2;1
CRR_73;17;12;132;36,40785714285718;16;448;752;28,0;1,6785714285714286;0;17;1
CRR_74;11;6;34;7,347110389610435;2;77;146;38,5;1,896103896103896;0;11;1
CRR_75;13;5;24;-41,43499999999996;1;108;177;108,0;1,6388888888888888;3;2,7570710821281286e+17;1
CRR_76;7;4;83;22,16234725536995;10;419;704;41,9;1,6801909307875895;6;5,514142164256257e+17;1
CRR_77;12;5;25;-26,236883116883092;1;77;141;77,0;1,8311688311688312;0;12;1
CRR_78;31;17;141;10,676863807047965;12;577;1005;48,083333333333336;1,7417677642980935;5;7,832588301500363e+16;343
CRR_79;13;8;63;20,301811594202917;6;184;338;30,666666666666668;1,8369565217391304;0;13;1
CRR_80;20;12;79;21,669901185770783;11;276;521;25,09090909090909;1,8876811594202898;2;7,832588301500363e+16;343
CRR_81;6;3;42;8,698464285714294;4;175;318;43,75;1,8171428571428572;0;6;1
CRR_82;7;2;28;-79,13934782608695;1;138;238;138,0;1,7246376811594204;0;7;1
CRR_83;13;7;78;9,964322033898327;7;354;609;50,57142857142857;1,7203389830508475;2;1,72316942633008e+17;1
CRR_84;75;42;207;13,326164587046975;18;748;1338;41,55555555555556;1,7887700534759359;11;2,0436789396274757e+18;1
CRR_85;47;26;110;11,060923913043496;8;414;701;51,75;1,6932367149758454;8;6,117251463471785e+17;1
CRR_86;8;3;18;-37,27868421052628;1;76;150;76,0;1,9736842105263157;1;2,2480468335902234e+18;1
CRR_87;44;25;104;14,559353015075402;8;398;667;49,75;1,6758793969849246;8;6,117251463471785e+17;1
CRR_88;6;3;17;4,437500000000028;2;80;153;40,0;1,9125;1;2,2480468335902234e+18;1
CRR_89;20;13;89;28,922936416184996;10;346;584;34,6;1,6878612716763006;0;20;1
CRR_90;4;3;14;38,11169811320758;1;53;72;53,0;1,3584905660377358;2;7,832588301500363e+16;343
CRR_91;9;7;44;41,45655172413794;5;145;233;29,0;1,606896551724138;2;45,3;1
CRR_92;59;30;132;2,120967573221776;8;478;814;59,75;1,702928870292887;13;7,832588301500363e+16;343
CRR_93;23;19;105;46,368439024390284;15;369;591;24,6;1,6016260162601625;0;23;1
CRR_94;18;13;72;37,84651555793994;8;233;384;29,125;1,648068669527897;1;7,832588301500363e+16;343
CRR_95;15;12;67;43,04654411764707;8;306;452;38,25;1,477124183006536;3;7,832588301500363e+16;343
CRR_96;6;4;60;27,11071625344354;6;242;397;40,333333333333336;1,640495867768595;3;7,832588301500363e+16;343
CRR_97;12;9;81;41,6024864864865;10;296;473;29,6;1,597972972972973;3;7,832588301500363e+16;343
CRR_98;11;7;64;21,764301369863034;5;219;364;43,8;1,6621004566210045;3;7,832588301500363e+16;343
CRR_99;45;30;172;29,31470590994374;20;533;948;26,65;1,7786116322701688;2;7,832588301500363e+16;343
CRR_100;7;4;26;17,9470918367347;2;49;95;24,5;1,9387755102040816;1;7,832588301500363e+16;343
CRR_101;27;16;169;17,434280701754403;15;513;938;34,2;1,8284600389863548;1;7,832588301500363e+16;343
CRR_102;10;9;34;56,239717920353996;8;113;182;14,125;1,6106194690265487;4;7,832588301500363e+16;343
CRR_103;36;14;73;-35,179999999999964;3;243;459;81,0;1,8888888888888888;0;36;1
CRR_104;33;17;85;5,191538461538471;6;312;549;52,0;1,7596153846153846;2;7,832588301500363e+16;343
CRR_105;99;58;351;17,837646598555835;41;1091;2089;26,609756097560975;1,9147571035747022;0;99;1
CRR_106;35;21;83;21,24211538461543;8;260;469;32,5;1,8038461538461539;1;7,832588301500363e+16;343
CRR_107;15;10;105;29,622382736156368;10;307;530;30,7;1,726384364820847;3;7,832588301500363e+16;343
CRR_108;0;0;30;32,19000838926175;4;149;241;37,25;1,6174496644295302;4;3,44633885266016e+17;1
CRR_109;12;7;51;20,831198501872677;6;178;328;29,666666666666668;1,8426966292134832;20;9,477431844815444e+17;1
CRR_110;24;15;108;23,43542523564696;12;389;692;32,416666666666664;1,7789203084832905;13;7,832588301500363e+16;343
CRR_111;21;14;85;29,92195150501675;10;299;518;29,9;1,7324414715719063;5;7,832588301500363e+16;343
CRR_112;7;2;32;-92,7124390243902;1;123;254;123,0;2,065040650406504;0;7;1
CRR_113;59;34;226;15,821918819188227;21;813;1458;38,714285714285715;1,7933579335793357;1;7,832588301500363e+16;343
CRR_114;19;16;125;49,61272900763359;14;393;598;28,071428571428573;1,5216284987277353;3;7,832588301500363e+16;343
CRR_115;25;16;170;25,626007326007368;15;455;809;30,333333333333332;1,778021978021978;4;7,832588301500363e+16;343
CRR_116;22;15;136;33,25242366412215;14;393;674;28,071428571428573;1,7150127226463103;3;7,832588301500363e+16;343
CRR_117;14;8;48;18,446557835820897;8;201;387;25,125;1,9253731343283582;3;7,832588301500363e+16;343
CRR_118;11;4;20;-51,70638554216863;1;83;171;83,0;2,0602409638554215;0;11;1
CRR_119;21;14;100;31,793663101604295;11;306;531;27,818181818181817;1,7352941176470589;3;7,832588301500363e+16;343
CRR_120;33;19;129;15,485591397849504;6;310;509;51,666666666666664;1,6419354838709677;2;135,63000000000002;1
CRR_121;9;8;57;52,93744703389834;8;177;275;22,125;1,5536723163841808;1;7,832588301500363e+16;343
CRR_122;4;4;41;55,21750000000003;4;90;137;22,5;1,5222222222222221;1;51,300000000000004;1
CRR_123;18;11;76;22,018428571428615;5;196;336;39,2;1,7142857142857142;1;25,700000000000003;1
CRR_124;34;21;214;21,902986111111147;18;640;1126;35,55555555555556;1,759375;4;7,832588301500363e+16;343
CRR_125;56;28;201;-0,17260865874359865;10;589;1025;58,9;1,740237691001698;3;7,832588301500363e+16;343
CRR_126;46;22;190;-4,418589743589706;9;546;966;60,666666666666664;1,7692307692307692;3;7,832588301500363e+16;343
CRR_127;9;7;80;41,84050697424897;8;233;373;29,125;1,6008583690987124;3;7,832588301500363e+16;343
CRR_128;13;9;62;33,68326459390866;8;197;345;24,625;1,751269035532995;0;13;1
CRR_129;92;55;494;19,73464898177923;30;1555;2472;51,833333333333336;1,589710610932476;6;7,832588301500363e+16;343
CRR_130;7;3;10;-16,504999999999967;1;20;48;20,0;2,4;0;7;1
CRR_131;3;2;29;37,188975409836075;2;61;100;30,5;1,639344262295082;1;50,300000000000004;1
CRR_132;30;19;187;24,313959899749392;15;665;1081;44,333333333333336;1,625563909774436;2;87,20000000000002;1
CRR_133;12;9;65;40,88771505376346;6;155;256;25,833333333333332;1,6516129032258065;3;7,832588301500363e+16;343
CRR_134;36;32;171;52,9578152492669;22;496;768;22,545454545454547;1,5483870967741935;6;7,832588301500363e+16;343
CRR_135;2;2;22;65,05866666666668;5;81;120;16,2;1,4814814814814814;1;7,5;1
CRR_136;43;25;179;17,054692450406776;13;539;941;41,46153846153846;1,74582560296846;0;43;1
CRR_137;9;6;52;25,4494117647059;7;187;341;26,714285714285715;1,8235294117647058;1;8,615847131650402e+16;1
CRR_138;35;22;130;24,646372881355944;10;354;612;35,4;1,728813559322034;0;35;1
CRR_139;10;7;95;34,810319323144114;8;229;387;28,625;1,6899563318777293;1;8,615847131650402e+16;1
CRR_140;10;8;63;48,554650000000024;4;125;187;31,25;1,496;0;10;1
CRR_141;2;1;26;14,195714285714303;3;105;195;35,0;1,8571428571428572;0;2;1
CRR_142;39;15;136;-35,49013107822408;5;473;818;94,6;1,72938689217759;1;48,9;1
CRR_143;16;11;82;30,21916012558873;13;294;534;22,615384615384617;1,816326530612245;0;16;1
CRR_144;42;17;149;-27,687472324723245;7;542;999;77,42857142857143;1,8431734317343174;2;7,832588301500363e+16;343
CRR_145;20;13;73;28,85925925925929;7;243;410;34,714285714285715;1,6872427983539096;0;20;1
CRR_146;10;4;23;-27,332068965517195;1;87;150;87,0;1,7241379310344827;0;10;1
CRR_147;47;29;228;23,289426229508223;21;732;1282;34,857142857142854;1,7513661202185793;6;7,832588301500363e+16;343
CRR_148;48;30;182;23,667826197757392;18;545;982;30,27777777777778;1,801834862385321;3;7,832588301500363e+16;343
CRR_149;11;6;84;7,5173584905660675;6;318;547;53,0;1,720125786163522;3;7,832588301500363e+16;343
CRR_150;54;30;195;11,59098900047826;15;697;1220;46,46666666666667;1,7503586800573887;6;7,832588301500363e+16;343
CRR_151;20;17;175;48,30544561403511;25;513;835;20,52;1,6276803118908383;9;7,832588301500363e+16;343
CRR_152;27;17;206;25,64018455228984;19;693;1181;36,473684210526315;1,7041847041847042;4;7,832588301500363e+16;343
CRR_153;48;35;357;37,39186853962366;33;1029;1676;31,181818181818183;1,628765792031098;6;7,832588301500363e+16;343
CRR_154;51;30;256;18,904965107506627;22;723;1321;32,86363636363637;1,8271092669432918;6;7,832588301500363e+16;343
CRR_155;32;23;193;36,64284293292914;26;609;1054;23,423076923076923;1,7307060755336618;5;7,832588301500363e+16;343
CRR_156;8;4;63;1,4086363636363899;2;132;216;66,0;1,6363636363636365;0;8;1
CRR_157;9;7;50;38,807652060170085;11;139;255;12,636363636363637;1,8345323741007193;1;7,832588301500363e+16;343
CRR_158;16;14;136;51,12686781609196;21;464;731;22,095238095238095;1,5754310344827587;5;7,832588301500363e+16;343
CRR_159;9;6;50;26,739285714285728;5;140;251;28,0;1,792857142857143;4;7,832588301500363e+16;343
CRR_160;24;16;177;30,756635744036373;19;556;962;29,263157894736842;1,7302158273381294;3;7,832588301500363e+16;343
CRR_161;14;8;124;15,646333043226008;9;383;670;42,55555555555556;1,7493472584856398;3;7,832588301500363e+16;343
CRR_162;83;41;390;-0,9264841551731706;19;1141;1980;60,05263157894737;1,7353198948290973;5;7,832588301500363e+16;343
CRR_163;4;4;40;59,184521739130446;10;138;218;13,8;1,5797101449275361;3;7,832588301500363e+16;343
CRR_164;29;19;188;28,23993229464068;23;533;977;23,17391304347826;1,8330206378986866;5;7,832588301500363e+16;343
CRR_165;10;9;53;56,46250919793968;9;151;238;16,77777777777778;1,576158940397351;1;7,832588301500363e+16;343
CRR_166;65;43;326;29,471285370258897;33;906;1601;27,454545454545453;1,7671081677704195;6;7,832588301500363e+16;343
CRR_167;3;2;12;32,57461538461541;4;52;99;13,0;1,9038461538461537;0;3;1
CRR_168;2;1;13;4,557692307692321;1;39;75;39,0;1,9230769230769231;0;2;1
CRR_169;6;4;31;28,74852564102565;6;91;175;15,166666666666666;1,9230769230769231;0;6;1
CRR_170;62;35;229;13,331109947643995;15;573;1048;38,2;1,8289703315881327;1;7,832588301500363e+16;343
CRR_171;26;16;92;21,133053414096935;8;227;421;28,375;1,854625550660793;0;26;1
CRR_172;40;24;143;18,915454545454566;11;376;681;34,18181818181818;1,8111702127659575;4;7,832588301500363e+16;343
CRR_173;24;14;135;16,30818181818185;11;333;629;30,272727272727273;1,8888888888888888;1;7,832588301500363e+16;343
CRR_174;31;17;82;11,733329562594292;6;221;412;36,833333333333336;1,8642533936651584;0;31;1
CRR_175;29;17;99;17,424741379310376;14;319;627;22,785714285714285;1,9655172413793103;0;29;1
CRR_176;19;11;135;18,352832506203526;10;403;703;40,3;1,7444168734491314;3;7,832588301500363e+16;343
CRR_177;13;9;55;32,268965889464624;12;193;361;16,083333333333332;1,8704663212435233;1;7,832588301500363e+16;343
CRR_178;40;25;201;24,102522410358574;24;753;1343;31,375;1,7835325365205843;1;7,832588301500363e+16;343
CRR_179;54;30;209;12,60141778523493;16;596;1102;37,25;1,848993288590604;4;7,832588301500363e+16;343
CRR_180;73;41;381;12,85054772143883;27;1111;1999;41,148148148148145;1,7992799279927993;5;7,832588301500363e+16;343
CRR_181;49;27;217;11,317377115229675;17;730;1311;42,94117647058823;1,795890410958904;0;49;1
CRR_182;37;22;209;17,75207838376832;19;607;1124;31,94736842105263;1,8517298187808897;0;37;1
CRR_183;54;36;220;30,6825603916524;24;583;1044;24,291666666666668;1,7907375643224699;7;7,832588301500363e+16;343
CRR_184;59;32;278;8,562987012987037;22;658;1306;29,90909090909091;1,9848024316109423;0;59;1
CRR_185;34;18;122;8,115083768195575;11;331;658;30,09090909090909;1,987915407854985;0;34;1
CRR_186;47;23;147;-1,9682908163265154;12;441;894;36,75;2,0272108843537415;0;47;1
CRR_187;41;18;102;-17,609880095923216;6;278;583;46,333333333333336;2,097122302158273;0;41;1
CRR_188;38;21;113;10,484966216216236;12;333;662;27,75;1,987987987987988;0;38;1
CRR_189;29;18;91;22,860429752066153;10;242;456;24,2;1,884297520661157;0;29;1
CRR_190;20;11;101;13,066093876449969;11;337;648;30,636363636363637;1,9228486646884273;1;7,832588301500363e+16;343
CRR_191;7;4;27;12,564784946236585;3;62;127;20,666666666666668;2,0483870967741935;0;7;1
CRR_192;9;3;26;-51,20364485981307;1;107;189;107,0;1,766355140186916;0;9;1
CRR_193;11;7;93;27,37910101822081;12;311;563;25,916666666666668;1,810289389067524;0;11;1
CRR_194;42;27;192;26,115010740203218;25;689;1244;27,56;1,8055152394775036;7;7,832588301500363e+16;343
CRR_195;3;2;21;17,752692307692342;3;78;150;26,0;1,9230769230769231;1;7,832588301500363e+16;343
CRR_196;7;3;34;-26,269999999999982;2;94;206;47,0;2,1914893617021276;4;7,832588301500363e+16;343
CRR_197;75;43;317;15,787088178294596;24;1161;1948;48,375;1,6778639104220499;12;7,832588301500363e+16;343
CRR_198;29;16;102;12,219526813880151;7;317;557;45,285714285714285;1,7570977917981072;2;7,832588301500363e+16;343
CRR_199;51;28;282;11,163169325153405;25;978;1803;39,12;1,843558282208589;9;7,832588301500363e+16;343
CRR_200;0;0;17;4,064212328767155;2;73;143;36,5;1,9589041095890412;0;0;1
CRR_201;9;4;78;-16,364467625899266;5;278;548;55,6;1,9712230215827338;4;7,832588301500363e+16;343
CRR_202;15;5;78;-65,6235433070866;2;254;431;127,0;1,6968503937007875;1;7,832588301500363e+16;343
CRR_203;0;0;4;0,21467391304352645;2;23;53;11,5;2,3043478260869565;0;0;1
CRR_204;6;4;57;30,201999999999998;7;225;383;32,142857142857146;1,7022222222222223;0;6;1
CRR_205;10;3;47;-83,25192307692305;1;130;243;130,0;1,8692307692307693;1;7,832588301500363e+16;343
CRR_206;12;3;62;-123,0668421052631;1;171;316;171,0;1,847953216374269;1;7,832588301500363e+16;343
CRR_207;54;30;192;12,214394995429643;16;547;1034;34,1875;1,8903107861060329;1;7,832588301500363e+16;343
CRR_208;23;14;105;23,45323076923077;13;325;607;25,0;1,8676923076923078;0;23;1
CRR_209;68;36;193;6,8266524216524544;13;486;931;37,38461538461539;1,9156378600823045;0;68;1
CRR_210;62;21;133;-56,50031249999998;4;384;753;96,0;1,9609375;1;136,8;1
CRR_211;4;1;64;-103,1781818181818;1;165;278;165,0;1,6848484848484848;1;29,3;1
CRR_212;25;11;167;-14,24275179856113;6;417;742;69,5;1,7793764988009593;1;7,832588301500363e+16;343
CRR_213;29;16;95;11,575595238095246;9;336;625;37,333333333333336;1,8601190476190477;3;7,832588301500363e+16;343
CRR_214;10;6;73;17,340000000000032;6;270;459;45,0;1,7;5;7,832588301500363e+16;343
CRR_215;27;11;98;-26,412573529411745;4;357;602;89,25;1,6862745098039216;2;7,832588301500363e+16;343
CRR_216;43;12;124;-96,74970746728252;3;433;804;144,33333333333334;1,8568129330254042;2;7,832588301500363e+16;343
CRR_217;17;8;152;-4,075667451904167;9;566;984;62,888888888888886;1,7385159010600706;5;7,832588301500363e+16;343
CRR_218;0;0;27;9,336304347826115;2;92;164;46,0;1,7826086956521738;1;7,832588301500363e+16;343
CRR_219;0;0;12;-3,5249999999999773;1;60;106;60,0;1,7666666666666666;0;0;1
CRR_220;18;8;170;-13,576268656716394;10;670;1207;67,0;1,8014925373134327;5;7,832588301500363e+16;343
CRR_221;63;34;338;8,1762132822478;27;1160;2126;42,96296296296296;1,8327586206896551;5;7,832588301500363e+16;343
CRR_222;34;24;170;34,12562035448829;21;583;996;27,761904761904763;1,7084048027444254;10;7,832588301500363e+16;343
CRR_223;30;17;143;13,065493690851753;20;634;1211;31,7;1,9100946372239747;8;7,832588301500363e+16;343
CRR_224;15;9;149;19,708340898976417;15;749;1208;49,93333333333333;1,6128170894526035;2;7,832588301500363e+16;343
CRR_225;66;33;233;0,7355501421031363;21;821;1615;39,095238095238095;1,967113276492083;0;66;1
CRR_226;8;4;22;3,5810161870503805;4;139;276;34,75;1,985611510791367;2;7,832588301500363e+16;343
CRR_227;21;10;120;-8,845950226244327;7;442;792;63,142857142857146;1,7918552036199096;5;7,832588301500363e+16;343
CRR_228;7;5;37;39,94445402298851;6;145;244;24,166666666666668;1,6827586206896552;3;7,832588301500363e+16;343
CRR_229;15;10;73;31,28183803096468;11;229;418;20,818181818181817;1,8253275109170306;1;40,3;1
CRR_230;25;17;102;33,52335751295337;10;386;612;38,6;1,5854922279792747;5;7,832588301500363e+16;343
CRR_231;12;7;53;18,93238095238098;6;182;338;30,333333333333332;1,8571428571428572;1;7,832588301500363e+16;343
CRR_232;20;15;92;39,00740909090911;11;400;619;36,36363636363637;1,5475;4;7,832588301500363e+16;343
CRR_233;16;10;78;24,55630373831778;10;321;568;32,1;1,7694704049844237;3;7,832588301500363e+16;343
CRR_234;3;2;17;33,083055555555575;2;81;127;40,5;1,5679012345679013;0;3;1
CRR_235;7;5;56;30,99404929577466;6;213;352;35,5;1,6525821596244132;4;7,832588301500363e+16;343
CRR_236;8;7;59;48,512392857142885;10;224;359;22,4;1,6026785714285714;2;7,832588301500363e+16;343
CRR_237;3;2;36;27,39926086956524;5;138;247;27,6;1,789855072463768;1;7,832588301500363e+16;343
CRR_238;12;8;45;31,38216788702931;8;239;410;29,875;1,715481171548117;0;12;1
CRR_239;8;5;76;22,92879084967322;9;340;585;37,77777777777778;1,7205882352941178;6;7,832588301500363e+16;343
CRR_240;9;4;37;-21,292727272727262;2;154;273;77,0;1,7727272727272727;0;9;1
CRR_241;6;4;46;31,572460552268268;6;169;293;28,166666666666668;1,7337278106508875;3;7,832588301500363e+16;343
CRR_242;44;13;120;-84,11270408163263;4;490;965;122,5;1,969387755102041;2;7,832588301500363e+16;343
CRR_243;50;24;300;-3,9478845639021074;19;983;1839;51,73684210526316;1,8708036622583928;1;7,832588301500363e+16;343
CRR_244;49;24;269;-3,707910618792937;17;924;1697;54,35294117647059;1,8365800865800865;3;7,832588301500363e+16;343
CRR_245;21;13;117;21,280099502487587;15;335;645;22,333333333333332;1,9253731343283582;6;7,832588301500363e+16;343
CRR_246;39;22;144;13,244015151515185;11;432;785;39,27272727272727;1,8171296296296295;2;7,832588301500363e+16;343
CRR_247;32;19;111;18,21672169262962;11;391;705;35,54545454545455;1,80306905370844;2;7,832588301500363e+16;343
CRR_248;16;10;106;22,19357534246575;10;292;535;29,2;1,832191780821918;1;7,832588301500363e+16;343
CRR_249;11;6;47;7,743825301204851;4;166;308;41,5;1,855421686746988;3;7,832588301500363e+16;343
CRR_250;13;7;65;6,892464285714283;5;224;409;44,8;1,8258928571428572;2;7,832588301500363e+16;343
CRR_251;4;3;37;37,58632183908047;3;145;206;48,333333333333336;1,4206896551724137;6;7,832588301500363e+16;343
CRR_252;9;3;33;-56,50448275862068;1;87;180;87,0;2,0689655172413794;1;23,3;1
CRR_253;8;6;49;41,303812154696146;7;181;298;25,857142857142858;1,6464088397790055;0;8;1
CRR_254;15;4;35;-104,59528301886789;1;159;282;159,0;1,7735849056603774;1;46,900000000000006;1
CRR_255;29;13;104;-12,515157024793353;5;363;625;72,6;1,721763085399449;0;29;1
CRR_256;71;39;396;11,182555282555313;29;1221;2207;42,10344827586207;1,8075348075348074;1;76,5;1
CRR_257;2;1;9;-8,304999999999978;1;36;76;36,0;2,111111111111111;0;2;1
CRR_258;5;3;38;15,628022388059719;4;134;249;33,5;1,8582089552238805;3;7,832588301500363e+16;343
CRR_259;126;63;414;-0,1649508386350078;26;1330;2438;51,15384615384615;1,8330827067669173;3;7,832588301500363e+16;343
CRR_260;5;2;22;-34,38045454545451;1;88;158;88,0;1,7954545454545454;1;7,832588301500363e+16;343
CRR_261;14;10;103;33,78373900293258;11;372;610;33,81818181818182;1,6397849462365592;2;7,832588301500363e+16;343
CRR_262;21;13;171;21,42579268292687;16;656;1115;41,0;1,6996951219512195;3;7,832588301500363e+16;343
CRR_263;11;7;67;25,023373983739845;9;246;448;27,333333333333332;1,8211382113821137;1;42,900000000000006;1
CRR_264;37;18;158;-4,745377622377589;10;572;1038;57,2;1,8146853146853146;2;7,832588301500363e+16;343
CRR_265;16;9;89;13,393235803324131;8;361;630;45,125;1,745152354570637;1;100,15;1
CRR_266;12;8;80;33,109090909090924;10;330;547;33,0;1,6575757575757575;6;7,832588301500363e+16;343
CRR_267;2;1;13;17,970454545454572;1;44;75;44,0;1,7045454545454546;0;2;1
CRR_268;18;10;82;10,230379310344858;5;232;410;46,4;1,7672413793103448;0;18;1
CRR_269;12;8;99;27,97448381452321;9;254;451;28,22222222222222;1,7755905511811023;0;12;1
CRR_270;25;14;83;14,44376344086021;6;248;441;41,333333333333336;1,778225806451613;0;25;1
CRR_271;5;3;17;26,682500000000005;4;64;124;16,0;1,9375;0;5;1
CRR_272;45;14;315;-74,82146353762604;10;1289;2298;128,9;1,78277734678045;0;45;1
CRR_273;38;28;198;38,40838169379572;27;785;1289;29,074074074074073;1,6420382165605096;13;7,832588301500363e+16;343
CRR_274;14;11;98;43,272195121951256;10;410;591;41,0;1,4414634146341463;1;52,61000000000001;1
CRR_275;3;2;28;42,74014285714287;5;84;146;16,8;1,7380952380952381;0;3;1
CRR_276;8;5;64;27,876923076923106;8;312;514;39,0;1,6474358974358974;3;7,832588301500363e+16;343
CRR_277;12;8;88;26,823787878787897;9;330;557;36,666666666666664;1,687878787878788;0;12;1
CRR_278;5;4;55;37,740735294117684;6;153;259;25,5;1,6928104575163399;1;7,832588301500363e+16;343
CRR_279;7;3;15;-21,569999999999965;1;75;135;75,0;1,8;0;7;1
CRR_280;11;7;84;29,799782608695665;7;276;447;39,42857142857143;1,6195652173913044;1;7,832588301500363e+16;343
CRR_281;5;4;45;49,01062500000003;7;192;295;27,428571428571427;1,5364583333333333;1;7,832588301500363e+16;343
CRR_282;49;37;234;41,090565217391315;30;828;1348;27,6;1,6280193236714975;1;7,832588301500363e+16;343
CRR_283;35;26;120;39,94853951022472;17;466;766;27,41176470588235;1,6437768240343347;2;7,832588301500363e+16;343
CRR_284;49;34;266;34,23026556991775;35;851;1488;24,314285714285713;1,7485311398354877;5;7,832588301500363e+16;343
CRR_285;47;29;254;23,270105034646093;26;877;1548;33,73076923076923;1,7651083238312428;1;7,832588301500363e+16;343
CRR_286;77;51;211;29,190015600624037;29;641;1176;22,103448275862068;1,8346333853354133;1;140,8;1
CRR_287;58;30;153;3,6447202797203033;11;520;954;47,27272727272727;1,8346153846153845;0;58;1
CRR_288;47;14;67;-82,94322834645666;2;254;483;127,0;1,9015748031496063;3;7,832588301500363e+16;343
CRR_289;25;18;110;35,81046143250691;18;363;646;20,166666666666668;1,7796143250688705;2;7,832588301500363e+16;343
CRR_290;40;27;195;31,098939114391158;28;542;1000;19,357142857142858;1,845018450184502;1;49,9;1
CRR_291;29;18;147;23,209931238819337;16;559;979;34,9375;1,7513416815742398;1;7,832588301500363e+16;343
CRR_292;74;47;274;25,875192982456156;30;874;1564;29,133333333333333;1,7894736842105263;2;7,832588301500363e+16;343
CRR_293;70;43;183;22,62734639498433;20;638;1145;31,9;1,7946708463949843;3;7,832588301500363e+16;343
CRR_294;69;38;227;11,265318217979342;21;838;1536;39,904761904761905;1,8329355608591886;2;7,832588301500363e+16;343
CRR_295;14;6;54;-16,53681818181815;3;198;366;66,0;1,8484848484848484;3;162,84250500000002;2
CRR_296;34;18;136;7,962311827956995;12;496;920;41,333333333333336;1,8548387096774193;0;34;1
CRR_297;21;14;53;29,56511695906434;9;190;350;21,11111111111111;1,8421052631578947;2;162,84250500000002;2
CRR_298;14;8;158;11,908822843822861;13;594;1043;45,69230769230769;1,7558922558922558;2;75,171;1
CRR_299;37;14;171;-40,613828740157444;8;762;1358;95,25;1,7821522309711286;2;7,832588301500363e+16;343
CRR_300;16;4;54;-122,87624999999997;1;192;306;192,0;1,59375;1;7,832588301500363e+16;343
CRR_301;1;1;44;41,44357142857146;6;168;272;28,0;1,619047619047619;4;7,832588301500363e+16;343
CRR_302;5;3;30;20,659821428571462;4;105;198;26,25;1,8857142857142857;1;7,832588301500363e+16;343
CRR_303;3;2;17;18,956981132075498;1;53;84;53,0;1,5849056603773586;1;7,832588301500363e+16;343
CRR_304;13;10;95;40,367208333333366;15;448;721;29,866666666666667;1,609375;3;7,832588301500363e+16;343
CRR_305;13;7;146;10,074431599229314;9;519;848;57,666666666666664;1,6339113680154143;1;7,832588301500363e+16;343
CRR_306;13;9;75;36,182416237113415;8;291;460;36,375;1,5807560137457044;2;7,832588301500363e+16;343
CRR_307;15;6;28;-28,332999999999984;1;100;158;100,0;1,58;2;7,832588301500363e+16;343
CRR_308;22;15;85;33,96393835616442;10;365;586;36,5;1,6054794520547946;1;7,832588301500363e+16;343
CRR_309;10;7;58;33,6209349593496;6;164;282;27,333333333333332;1,7195121951219512;2;7,832588301500363e+16;343
CRR_310;6;3;11;6,420909090909134;1;55;94;55,0;1,709090909090909;0;6;1
CRR_311;18;12;107;31,01767241379312;10;435;677;43,5;1,5563218390804598;4;7,832588301500363e+16;343
CRR_312;25;16;114;26,28566037735851;14;318;592;22,714285714285715;1,8616352201257862;6;7,832588301500363e+16;343
CRR_313;5;3;51;25,217241379310366;6;174;313;29,0;1,7988505747126438;0;5;1
CRR_314;34;20;132;19,440162373145995;15;427;800;28,466666666666665;1,873536299765808;3;2,5847541394951203e+17;1
CRR_315;15;10;84;32,91080788804072;12;262;470;21,833333333333332;1,7938931297709924;1;40,3;1
CRR_316;23;14;117;22,005687499999993;15;384;721;25,6;1,8776041666666667;0;23;1
CRR_317;26;17;172;28,433664926022658;15;766;1146;51,06666666666667;1,4960835509138382;2;88,48350000000002;2
CRR_318;30;18;106;19,83907894736842;12;342;639;28,5;1,868421052631579;1;88,48350000000002;2
CRR_319;14;8;58;18,127811320754716;5;159;294;31,8;1,849056603773585;0;14;1
CRR_320;15;8;56;9,172413793103487;6;174;346;29,0;1,9885057471264367;1;7,832588301500363e+16;343
CRR_321;27;10;52;-41,118382352941154;2;153;308;76,5;2,0130718954248366;1;7,832588301500363e+16;343
CRR_322;92;48;327;5,356347797501627;27;1014;1958;37,55555555555556;1,930966469428008;3;7,832588301500363e+16;343
CRR_323;29;17;127;19,14268231768233;13;462;828;35,53846153846154;1,7922077922077921;0;29;1
CRR_324;10;2;42;-172,06378504672892;1;214;409;214,0;1,911214953271028;1;7,832588301500363e+16;343
CRR_325;15;9;63;23,32391705069125;7;217;390;31,0;1,7972350230414746;0;15;1
CRR_326;7;5;15;38,29367647058825;2;51;86;25,5;1,6862745098039216;0;7;1
CRR_327;20;14;64;34,98554878048782;10;205;366;20,5;1,7853658536585366;4;7,832588301500363e+16;343
CRR_328;8;6;72;40,153474747474775;9;275;441;30,555555555555557;1,6036363636363635;1;7,832588301500363e+16;343
CRR_329;11;8;71;36,31536689419795;14;293;517;20,928571428571427;1,764505119453925;0;11;1
CRR_330;3;2;19;21,80162162162165;2;74;129;37,0;1,7432432432432432;0;3;1
CRR_331;9;6;65;26,785465116279084;7;258;435;36,857142857142854;1,686046511627907;4;7,832588301500363e+16;343
CRR_332;44;28;213;26,33832887700538;22;765;1313;34,77272727272727;1,7163398692810456;1;72,6;1
CRR_333;3;2;17;15,721612903225804;2;62;117;31,0;1,8870967741935485;0;3;1
CRR_334;5;3;17;24,3771428571429;2;42;80;21,0;1,9047619047619047;0;5;1
CRR_335;5;3;16;29,77636363636364;2;66;112;33,0;1,696969696969697;0;5;1
CRR_336;29;16;189;12,716842263696606;11;604;988;54,90909090909091;1,6357615894039734;2;7,832588301500363e+16;343
CRR_337;33;21;181;26,06754230118443;18;591;1030;32,833333333333336;1,742808798646362;6;7,832588301500363e+16;343
CRR_338;26;14;120;10,066243869209814;10;367;692;36,7;1,8855585831062671;0;26;1
CRR_339;23;27;273;68,04252293577983;29;872;1116;30,06896551724138;1,2798165137614679;0;23;1
CRR_340;17;15;149;51,6952159605101;22;442;704;20,09090909090909;1,592760180995475;1;42,3;1
CRR_341;7;6;46;50,33956896551726;10;145;243;14,5;1,6758620689655173;1;7,832588301500363e+16;343
CRR_342;3;2;11;28,62068965517244;1;29;51;29,0;1,7586206896551724;0;3;1
CRR_343;3;2;8;32,56400000000002;1;25;44;25,0;1,76;0;3;1
CRR_344;10;7;60;38,173724489795944;14;245;437;17,5;1,7836734693877552;0;10;1
CRR_345;9;7;43;45,152094594594615;8;148;250;18,5;1,6891891891891893;0;9;1
CRR_346;33;25;142;40,50527508090616;21;515;861;24,523809523809526;1,6718446601941748;0;33;1
CRR_347;12;6;43;-3,5249999999999773;3;180;318;60,0;1,7666666666666666;2;7,832588301500363e+16;343
CRR_348;9;8;37;49,39433333333335;5;108;173;21,6;1,6018518518518519;4;7,832588301500363e+16;343
CRR_349;86;19;81;-151,4272727272727;1;209;361;209,0;1,7272727272727273;1;7,832588301500363e+16;343
CRR_350;43;25;149;16,697136343579956;13;523;923;40,23076923076923;1,7648183556405355;2;7,832588301500363e+16;343
CRR_351;9;5;40;14,168301886792477;2;106;174;53,0;1,6415094339622642;1;7,832588301500363e+16;343
CRR_352;17;12;171;35,99226775244301;25;614;1059;24,56;1,724755700325733;1;7,832588301500363e+16;343
CRR_353;21;15;88;34,12942253521129;10;284;483;28,4;1,7007042253521127;2;7,832588301500363e+16;343
CRR_354;24;18;97;39,00891134205801;18;433;734;24,055555555555557;1,6951501154734412;1;7,832588301500363e+16;343
CRR_355;2;2;9;48,09621621621622;1;37;53;37,0;1,4324324324324325;4;161,95100000000002;1
CRR_356;10;6;47;22,63481557377051;4;183;298;45,75;1,6284153005464481;0;10;1
CRR_357;11;8;61;34,441525125628175;10;199;358;19,9;1,7989949748743719;2;68,31;1
CRR_358;23;16;126;33,070879363449706;20;487;858;24,35;1,7618069815195072;1;46,1;1
CRR_359;21;20;119;56,25161782296652;16;418;613;26,125;1,4665071770334928;0;21;1
CRR_360;6;5;28;52,79818181818183;4;88;137;22,0;1,5568181818181819;0;6;1
CRR_361;12;6;40;4,777500000000032;3;144;261;48,0;1,8125;1;35,1;1
CRR_362;7;4;37;17,73012820512824;3;130;223;43,333333333333336;1,7153846153846153;0;7;1
CRR_363;26;16;102;23,212217458223392;12;379;679;31,583333333333332;1,79155672823219;1;7,832588301500363e+16;343
CRR_364;39;18;138;-10,753112094395277;6;452;754;75,33333333333333;1,668141592920354;6;7,832588301500363e+16;343
CRR_365;15;9;70;20,462924528301926;7;212;390;30,285714285714285;1,8396226415094339;1;7,832588301500363e+16;343
CRR_366;22;16;120;36,30078571428575;15;336;587;22,4;1,7470238095238095;1;7,832588301500363e+16;343
CRR_367;52;32;202;22,85237222116666;19;554;1011;29,157894736842106;1,8249097472924187;1;7,832588301500363e+16;343
CRR_368;80;38;215;-5,884122426868856;13;710;1320;54,61538461538461;1,8591549295774648;0;80;1
CRR_369;24;14;89;16,650074365704313;9;254;485;28,22222222222222;1,9094488188976377;0;24;1
CRR_370;14;6;40;-21,274360465116274;2;129;248;64,5;1,9224806201550388;0;14;1
CRR_371;5;4;27;51,21075229357797;5;109;172;21,8;1,5779816513761469;3;7,832588301500363e+16;343
CRR_372;15;7;51;-9,287303182579535;3;199;350;66,33333333333333;1,7587939698492463;9;7,832588301500363e+16;343
CRR_373;7;4;33;15,289122807017549;3;95;179;31,666666666666668;1,8842105263157896;1;7,832588301500363e+16;343
CRR_374;30;20;145;30,001614823348717;24;434;813;18,083333333333332;1,8732718894009217;0;30;1
CRR_375;8;5;73;18,29636704119855;9;267;500;29,666666666666668;1,8726591760299625;0;8;1
CRR_376;26;16;109;21,649934222890465;17;313;616;18,41176470588235;1,9680511182108626;0;26;1
CRR_377;46;30;202;27,234805194805233;22;630;1121;28,636363636363637;1,7793650793650793;5;7,832588301500363e+16;343
CRR_378;5;3;48;13,107500000000044;4;130;247;32,5;1,9;0;5;1
CRR_379;7;5;112;34,3645816838216;9;421;622;46,77777777777778;1,477434679334917;2;7,832588301500363e+16;343
CRR_380;6;5;21;46,89563063063065;3;74;118;24,666666666666668;1,5945945945945945;2;7,832588301500363e+16;343
CRR_381;0;0;12;19,515135135135154;2;74;131;37,0;1,7702702702702702;0;0;1
CRR_382;57;34;152;19,33650181488204;14;551;961;39,357142857142854;1,7441016333938295;4;7,832588301500363e+16;343
CRR_383;94;55;387;17,51712418300656;29;1377;2297;47,48275862068966;1,6681190994916486;9;7,832588301500363e+16;343
CRR_384;25;18;170;36,30602966067545;19;653;1047;34,36842105263158;1,6033690658499233;5;7,832588301500363e+16;343
CRR_385;5;2;18;-23,92078947368418;1;76;138;76,0;1,8157894736842106;3;7,832588301500363e+16;343
CRR_386;20;14;114;33,102453451407854;12;367;619;30,583333333333332;1,6866485013623977;2;7,832588301500363e+16;343
CRR_387;1;1;7;40,2858823529412;1;17;30;17,0;1,7647058823529411;0;1;1
CRR_388;3;2;24;40,03090909090912;2;66;104;33,0;1,5757575757575757;2;1,72316942633008e+17;1
CRR_389;0;0;8;38,36714285714288;1;35;55;35,0;1,5714285714285714;0;0;1
CRR_390;30;19;197;25,065440860215062;21;775;1322;36,904761904761905;1,7058064516129032;10;7,832588301500363e+16;343
CRR_391;12;5;25;-27,260263157894713;1;76;141;76,0;1,855263157894737;0;12;1
CRR_392;2;1;10;28,00710526315791;1;38;63;38,0;1,6578947368421053;0;2;1
CRR_393;2;1;18;-21,928913043478218;1;46;99;46,0;2,152173913043478;0;2;1
CRR_394;34;20;128;16,7325026737968;11;425;758;38,63636363636363;1,7835294117647058;1;7,832588301500363e+16;343
CRR_395;119;74;445;23,186343673753953;38;1510;2558;39,73684210526316;1,6940397350993377;14;7,832588301500363e+16;343
CRR_396;22;15;49;32,9382105263158;5;152;257;30,4;1,6907894736842106;3;7,832588301500363e+16;343
CRR_397;25;19;85;42,22584033613447;7;238;366;34,0;1,5378151260504203;2;7,832588301500363e+16;343
CRR_398;19;9;46;-5,043220338983019;2;118;212;59,0;1,7966101694915255;2;7,832588301500363e+16;343
CRR_399;16;12;59;37,997634207240964;9;178;313;19,77777777777778;1,7584269662921348;7;7,832588301500363e+16;343
CRR_400;133;41;377;-74,7025711892797;9;1194;2073;132,66666666666666;1,736180904522613;4;7,832588301500363e+16;343
CRR_401;46;25;119;9,495000000000033;14;564;1043;40,285714285714285;1,849290780141844;2;7,832588301500363e+16;343
CRR_402;14;6;178;-15,06398374799356;8;623;1052;77,875;1,6886035313001606;7;7,832588301500363e+16;343
CRR_403;16;9;71;14,364803149606303;7;381;618;54,42857142857143;1,6220472440944882;1;7,832588301500363e+16;343
CRR_404;4;3;17;35,309411764705914;3;51;93;17,0;1,8235294117647058;0;4;1
CRR_405;33;18;222;8,82409420289855;14;621;1123;44,357142857142854;1,8083735909822867;2;7,832588301500363e+16;343
CRR_406;25;10;172;-28,141659230932646;9;523;1088;58,111111111111114;2,0803059273422564;1;8,615847131650403e+16;1
CRR_407;21;13;56;21,0088043478261;4;138;246;34,5;1,7826086956521738;3;7,832588301500363e+16;343
CRR_408;22;12;56;9,088292682926863;3;123;227;41,0;1,8455284552845528;2;7,832588301500363e+16;343
CRR_409;13;6;56;-12,660892388451401;3;127;265;42,333333333333336;2,0866141732283463;1;7,832588301500363e+16;343
CRR_410;22;14;83;24,03706689536881;11;265;496;24,09090909090909;1,8716981132075472;5;4,3940820371417043e+17;1
CRR_411;0;0;36;-9,16199999999995;2;150;248;75,0;1,6533333333333333;1;7,832588301500363e+16;343
CRR_412;17;12;70;33,40440068493152;12;219;401;18,25;1,8310502283105023;3;7,832588301500363e+16;343
CRR_413;8;6;34;40,052878787878825;6;88;158;14,666666666666666;1,7954545454545454;2;7,832588301500363e+16;343
CRR_414;16;9;72;14,67122222222224;5;162;305;32,4;1,882716049382716;2;7,832588301500363e+16;343
CRR_415;56;33;251;17,377066455696223;20;711;1289;35,55;1,8129395218002813;4;7,832588301500363e+16;343
CRR_416;80;42;497;5,734986945169737;28;1532;2636;54,714285714285715;1,720626631853786;7;7,832588301500363e+16;343
CRR_417;27;11;115;-29,978235294117624;4;340;605;85,0;1,7794117647058822;1;7,832588301500363e+16;343
CRR_418;16;12;115;38,037275641025644;12;416;657;34,666666666666664;1,5793269230769231;2;7,832588301500363e+16;343
CRR_419;24;17;104;34,917333333333346;15;376;651;25,066666666666666;1,7313829787234043;3;2,5847541394951203e+17;1
CRR_420;35;20;156;13,948889908256916;10;436;766;43,6;1,7568807339449541;6;7,832588301500363e+16;343
CRR_421;18;12;101;28,863793103448273;12;348;611;29,0;1,7557471264367817;0;18;1
CRR_422;72;46;333;25,994020085209996;31;1060;1831;34,193548387096776;1,7273584905660377;8;7,832588301500363e+16;343
CRR_423;42;26;170;22,60724857685014;17;465;860;27,352941176470587;1,8494623655913978;2;7,832588301500363e+16;343
CRR_424;36;23;209;25,88596438701549;19;668;1147;35,1578947368421;1,717065868263473;4;7,832588301500363e+16;343
CRR_425;67;46;300;32,84909879138206;33;1038;1743;31,454545454545453;1,6791907514450868;11;7,832588301500363e+16;343
CRR_426;8;5;28;21,567666666666668;3;100;179;33,333333333333336;1,79;4;2,58475413949512e+17;1
CRR_427;16;6;119;-43,64273041474651;4;434;720;108,5;1,6589861751152073;6;7,832588301500363e+16;343
CRR_428;9;4;119;-10,535690962099096;5;343;599;68,6;1,7463556851311954;5;7,832588301500363e+16;343
CRR_429;39;26;279;28,937150627615097;35;956;1697;27,314285714285713;1,7751046025104602;8;7,832588301500363e+16;343
CRR_429a;46;25;282;9,957966425909461;27;1123;2053;41,592592592592595;1,8281389136242208;7;7,832588301500363e+16;343
CRR_429b;46;27;184;18,38166666666669;14;540;953;38,57142857142857;1,7648148148148148;4;7,832588301500363e+16;343
CRR_430;21;14;66;31,195759067357557;10;193;356;19,3;1,8445595854922279;3;7,832588301500363e+16;343
CRR_431;25;17;78;31,162352941176493;12;204;382;17,0;1,8725490196078431;1;7,832588301500363e+16;343
CRR_432;16;10;117;25,09986151603499;14;343;636;24,5;1,8542274052478134;3;7,832588301500363e+16;343
CRR_433;11;7;59;24,593444444444458;5;162;286;32,4;1,7654320987654322;2;7,832588301500363e+16;343
CRR_434;13;9;37;30,97083841463416;8;123;233;15,375;1,8943089430894309;0;13;1
CRR_435;12;6;88;-2,222083333333302;6;320;586;53,333333333333336;1,83125;0;12;1
CRR_436;19;5;51;-112,11788819875773;1;161;296;161,0;1,8385093167701863;2;7,832588301500363e+16;343
CRR_437;23;14;76;20,397922374429243;6;292;473;48,666666666666664;1,61986301369863;10;7,832588301500363e+16;343
CRR_438;37;15;110;-27,21501168224296;4;321;579;80,25;1,8037383177570094;8;7,832588301500363e+16;343
CRR_439;20;6;53;-82,61683734939756;2;249;480;124,5;1,927710843373494;0;20;1
CRR_440;8;5;29;24,163172043010775;6;124;237;20,666666666666668;1,9112903225806452;0;8;1
CRR_441;10;7;44;32,84763358778628;7;131;240;18,714285714285715;1,83206106870229;1;7,832588301500363e+16;343
CRR_442;17;5;95;-79,88656862745093;3;340;690;113,33333333333333;2,0294117647058822;0;17;1
CRR_443;9;5;44;15,385497005988071;5;167;311;33,4;1,8622754491017963;0;9;1
CRR_444;26;7;59;-105,18857142857141;1;168;281;168,0;1,6726190476190477;1;33,7;1
CRR_445;9;6;18;27,46333333333334;2;54;97;27,0;1,7962962962962963;1;7,832588301500363e+16;343
CRR_446;5;2;25;-23,746428571428538;1;70;132;70,0;1,8857142857142857;1;7,832588301500363e+16;343
CRR_447;4;1;46;-119,52234177215186;1;158;310;158,0;1,9620253164556962;0;4;1
CRR_448;3;1;29;-45,159705882352895;1;102;179;102,0;1,7549019607843137;0;3;1
CRR_449;164;10;247;-866,6350505050503;1;891;1781;891,0;1,998877665544332;2;7,832588301500363e+16;343
CRR_450;18;6;158;-57,10966863905321;5;507;965;101,4;1,903353057199211;1;7,832588301500363e+16;343
CRR_451;11;7;58;23,559130434782645;7;207;375;29,571428571428573;1,8115942028985508;2;7,832588301500363e+16;343
CRR_452;44;13;264;-81,45486786018753;6;782;1442;130,33333333333334;1,843989769820972;3;7,832588301500363e+16;343
CRR_453;6;2;68;-67,67666666666663;2;216;421;108,0;1,9490740740740742;1;7,832588301500363e+16;343
CRR_454;4;2;15;0,644310344827602;1;58;101;58,0;1,7413793103448276;4;7,832588301500363e+16;343
CRR_455;31;8;97;-108,831143533123;2;317;580;158,5;1,8296529968454258;4;7,832588301500363e+16;343
CRR_456;30;16;122;9,012834101382538;7;434;692;62,0;1,5944700460829493;39;7,832588301500363e+16;343
CRR_457;42;9;66;-162,40402597402593;1;231;368;231,0;1,593073593073593;256;7,832588301500363e+16;343
CRR_458;88;54;371;22,42500000000001;29;1200;2020;41,37931034482759;1,6833333333333333;37;7,832588301500363e+16;343
CRR_459;23;10;49;-19,802317073170713;2;164;278;82,0;1,6951219512195121;37;7,832588301500363e+16;343
CRR_460;15;13;72;48,9187354651163;8;215;332;26,875;1,544186046511628;3;7,832588301500363e+16;343
CRR_461;25;18;92;36,104744346116036;9;226;388;25,11111111111111;1,7168141592920354;4;3,44633885266016e+17;1
CRR_462;11;10;70;51,45742031872513;14;251;407;17,928571428571427;1,6215139442231075;6;7,832588301500363e+16;343
CRR_463;4;2;26;9,18285310734467;3;118;220;39,333333333333336;1,8644067796610169;0;4;1
CRR_464;9;7;19;46,147598039215694;6;85;147;14,166666666666666;1,7294117647058824;0;9;1
CRR_465;7;7;29;62,82010135135138;4;111;152;27,75;1,3693693693693694;1;8,6158471316504e+16;1
CRR_466;7;4;25;8,356818181818198;2;88;160;44,0;1,8181818181818181;1;10,3;1
CRR_467;9;7;67;40,44332661290326;8;279;432;34,875;1,5483870967741935;2;32,870000000000005;1
CRR_468;29;20;98;32,94485484664591;13;469;761;36,07692307692308;1,6226012793176972;4;7,636064435530153e+17;8
CRR_469;46;24;104;4,9283266309204805;6;373;612;62,166666666666664;1,6407506702412868;4;7,636064435530153e+17;8
CRR_470;9;6;65;33,224795539033465;7;269;428;38,42857142857143;1,5910780669144982;6;1,7231694263300816e+17;1
CRR_471;8;4;51;2,9933540723982333;4;221;386;55,25;1,746606334841629;1;2,843229553444633e+17;1
CRR_472;25;20;184;45,73958041958045;22;702;1068;31,90909090909091;1,5213675213675213;4;7,636064435530153e+17;8
CRR_473;31;24;105;43,58757085020244;13;399;623;30,692307692307693;1,5614035087719298;1;6,918525246715273e+17;1
CRR_474;21;9;25;-22,147349397590332;1;83;142;83,0;1,7108433734939759;3;7,636064435530153e+17;8
CRR_475;20;13;106;29,741929824561424;9;399;623;44,333333333333336;1,5614035087719298;2;7,636064435530153e+17;8
CRR_476;20;9;25;-13,33499999999998;1;78;130;78,0;1,6666666666666667;3;7,636064435530153e+17;8
CRR_477;16;11;103;32,05723356009074;9;392;605;43,55555555555556;1,5433673469387754;2;7,636064435530153e+17;8
CRR_478;21;14;98;29,793326180257523;7;466;603;66,57142857142857;1,293991416309013;8;7,636064435530153e+17;8
CRR_479;14;9;107;26,58532142857146;8;350;562;43,75;1,6057142857142856;1;20,6;1
CRR_480;5;5;38;60,18562130177517;7;169;244;24,142857142857142;1,4437869822485208;3;3,593842155554016e+18;1
CRR_481;30;26;150;49,80892857142858;16;504;745;31,5;1,4781746031746033;10;6,289568406104794e+17;1
CRR_482;3;2;18;24,92448630136991;2;73;125;36,5;1,7123287671232876;1;7,832588301500363e+16;343
CRR_483;24;18;236;38,57172240802677;23;780;1234;33,91304347826087;1,582051282051282;12;7,832588301500363e+16;343
CRR_484;15;12;107;43,735945544554454;10;303;474;30,3;1,5643564356435644;14;7,832588301500363e+16;343
CRR_485;3;2;31;41,9308653846154;4;117;187;29,25;1,5982905982905984;2;7,832588301500363e+16;343
CRR_486;52;32;133;22,02470000000001;12;750;1076;62,5;1,4346666666666668;4;7,832588301500363e+16;343
CRR_487;9;6;73;33,2552413366337;8;303;484;37,875;1,5973597359735974;6;5,16950827899024e+17;1
CRR_488;5;4;23;49,83451612903227;2;62;92;31,0;1,4838709677419355;3;1,72316942633008e+17;1
CRR_489;26;18;137;31,77097844534964;12;491;775;40,916666666666664;1,5784114052953158;3;7,832588301500363e+16;343
CRR_490;23;17;136;39,15465640222689;12;479;720;39,916666666666664;1,5031315240083507;4;7,832588301500363e+16;343
CRR_491;10;6;27;22,560000000000016;2;120;175;60,0;1,4583333333333333;5;2,58475413949512e+17;1
CRR_492;18;15;91;46,26333333333335;14;378;595;27,0;1,5740740740740742;11;4,5083607742822666e+18;1
CRR_493;52;20;243;-35,90726984126984;9;875;1490;97,22222222222223;1,7028571428571428;28;1,7576328148566825e+18;1
CRR_494;0;0;6;3,115294117647082;1;85;118;85,0;1,388235294117647;1;8,6158471316504e+16;1
CRR_495;36;25;126;34,62328512396695;14;363;626;25,928571428571427;1,7245179063360883;2;7,832588301500363e+16;343
CRR_496;12;8;67;27,72760869565218;6;276;432;46,0;1,565217391304348;1;8,615847131650402e+16;1
CRR_497;18;12;85;28,871844919786113;7;374;547;53,42857142857143;1,4625668449197862;1;8,615847131650402e+16;1
CRR_498;9;6;49;33,47804347826087;7;276;435;39,42857142857143;1,576086956521739;0;9;1
CRR_499;6;4;53;35,26014354066987;7;209;349;29,857142857142858;1,6698564593301435;5;7,832588301500363e+16;343
CRR_500;30;22;127;36,895612420034325;13;493;766;37,92307692307692;1,5537525354969575;1;8,615847131650403e+16;1
CRR_501;19;14;97;39,81138554216869;14;332;561;23,714285714285715;1,6897590361445782;1;24,5;1
CRR_502;23;13;81;14,751120943952827;6;226;411;37,666666666666664;1,8185840707964602;1;30,700000000000003;1
CRR_503;14;8;107;17,80781559045957;9;382;659;42,44444444444444;1,725130890052356;4;3,532497323976664e+17;1
CRR_504;4;2;14;-4,034999999999997;1;48;92;48,0;1,9166666666666667;1;8,6158471316504e+16;1
CRR_505;7;3;19;-20,131408450704214;1;71;130;71,0;1,8309859154929577;0;7;1
CRR_506;1;1;15;32,58278169014085;2;71;116;35,5;1,6338028169014085;1;8,6158471316504e+16;1
CRR_507;16;8;36;-2,942499999999967;2;117;208;58,5;1,7777777777777777;1;8,615847131650402e+16;1
CRR_508;10;8;50;43,44818181818184;7;165;272;23,571428571428573;1,6484848484848484;2;7,832588301500363e+16;343
CRR_509;109;46;416;-21,69827217125379;18;1308;2393;72,66666666666667;1,8295107033639144;8;7,832588301500363e+16;343
CRR_510;26;14;115;10,441061946902693;7;339;590;48,42857142857143;1,7404129793510323;3;7,832588301500363e+16;343
CRR_511;107;36;318;-58,7810821428571;8;875;1599;109,375;1,8274285714285714;8;7,832588301500363e+16;343
CRR_512;2;1;6;18,18500000000003;1;40;70;40,0;1,75;0;2;1
CRR_513;6;3;49;6,610086206896568;4;174;321;43,5;1,8448275862068966;0;6;1
CRR_514;4;2;15;10,279545454545485;1;44;79;44,0;1,7954545454545454;1;7,300000000000001;1
CRR_515;13;9;57;34,86369565217393;7;184;316;26,285714285714285;1,7173913043478262;0;13;1
CRR_516;2;1;5;27,343571428571465;1;28;50;28,0;1,7857142857142858;0;2;1
CRR_517;4;2;18;-3,8936842105262883;1;57;103;57,0;1,8070175438596492;0;4;1
CRR_518;7;4;23;18,9558734939759;2;83;143;41,5;1,7228915662650603;0;7;1
CRR_519;3;2;25;24,907804878048836;3;123;204;41,0;1,6585365853658536;1;8,6158471316504e+16;1
CRR_520;3;2;9;32,459736842105286;1;38;61;38,0;1,605263157894737;0;3;1
CRR_50a;22;16;94;39,36350649350652;11;336;542;30,545454545454547;1,6130952380952381;0;22;1
CRR_50b;161;25;199;-267,3329729729729;2;666;1072;333,0;1,6096096096096095;3;8,615847131650426e+16;1
CRR_50c;22;15;97;33,271262098335285;9;287;479;31,88888888888889;1,6689895470383276;1;1,438415678629035e+18;2
CRR_50d;28;15;168;7,374285714285747;8;560;850;70,0;1,5178571428571428;15;1,438415678629035e+18;2
CRR_521;11;9;36;49,68947916666667;6;128;205;21,333333333333332;1,6015625;4;3,7134301137413274e+17;1
